{"Offsets_global_score": {"F1-measure": 0.26488444872113454, "Precision": 0.26493519230064516, "Recall": 0.2648340596714717}}