{"Offsets_global_score": {"F1-measure": 0.4714616259978169, "Precision": 0.47158653138337053, "Recall": 0.4713375796178344}}