{"Offsets_global_score": {"F1-measure": 0.6552415070684493, "Precision": 0.6554391425005289, "Recall": 0.6550452564532351}}