{"Offsets_global_score": {"F1-measure": 0.8780713236411226, "Precision": 0.8671471153719205, "Recall": 0.8899776900495033}}