{"Offsets_global_score": {"F1-measure": 0.2505203245898593, "Precision": 0.25049202721223346, "Recall": 0.25054882122745054}}