{"Offsets_global_score": {"F1-measure": 0.4161293163234678, "Precision": 0.4157501588340667, "Recall": 0.41650961176027146}}